0.0,4.5,-3.4,7.778908400704113e-18,9.71488701607823e-18,4.913707109564179e-18,1.911640212310141e-18
0.02,4.5,-3.4,1.0142640050629234e-17,-0.03462521793216079,0.01468188609775284,0.07738065853331981
0.04,4.5,-3.4,1.2506371700554357e-17,-0.06925043586432159,0.029363772195505674,0.15476131706663962
0.06,4.5,-3.4,1.487010335047948e-17,-0.10387565379648238,0.04404565829325851,0.23214197559995942
0.08,4.499074373642109,-3.3996075132066386,0.002068595705874092,-0.13981392627986197,0.0593957717220291,0.3045960580476045
0.1,4.4965592105726895,-3.3985410264115274,0.007689498222983433,-0.17800704856911362,0.07589340203517074,0.36858995190667443
0.12,4.49404404750327,-3.3974745396164163,0.013310400740092768,-0.21620017085836524,0.09239103234831236,0.4325838457657444
0.14,4.49152888443385,-3.3964080528213056,0.018931303257202114,-0.25439329314761694,0.108888662661454,0.49657773962481444
0.16,4.486971709051304,-3.3944595128653736,0.027973667843725958,-0.2955030651373577,0.12487080671784354,0.5504054051937928
0.18,4.481682211654923,-3.392194644284541,0.03824306322571821,-0.33765882826465515,0.1406680831653445,0.6005871805168391
0.2,4.476392714258542,-3.389929775703709,0.048512458607710474,-0.3798145913919527,0.1564653596128455,0.6507689558398856
0.22,4.470784580950508,-3.3875455028182433,0.059161154814600846,-0.4224274050040685,0.17187520740317264,0.699096676638966
0.24,4.462432904457126,-3.384133125898373,0.07307573586149507,-0.4689755494973802,0.18394918747323596,0.7314604760202978
0.26,4.454081227963743,-3.3807207489785025,0.08699031690838932,-0.515523693990692,0.19602316754329935,0.7638242754016297
0.28,4.445729551470361,-3.3773083720586317,0.10090489795528355,-0.5620718384840038,0.2080971476133627,0.7961880747829616
0.3,4.435781680436212,-3.3734819631449415,0.11592927447207864,-0.6101089879944691,0.21690546930989724,0.8183197368138632
0.32,4.42404876388222,-3.369192536762664,0.1321947499783089,-0.6598113115592299,0.22206176194598784,0.8290086639717209
0.34,4.412315847328228,-3.364903110380387,0.1484602254845392,-0.7095136351239907,0.22721805458207842,0.8396975911295788
0.36,4.4005829307742355,-3.3606136839981096,0.16472570099076944,-0.7592159586887514,0.232374347218169,0.8503865182874366
0.38,4.385816980458225,-3.356009600100238,0.18164345740912452,-0.8089974481276658,0.2304687088065008,0.8418170356098841
0.4,4.37047370543835,-3.351345622521234,0.1986853726446825,-0.8587940064442909,0.22721886272332212,0.8295817988961084
0.42,4.355130430418475,-3.3466816449422296,0.2157272878802404,-0.9085905647609158,0.22396901664014346,0.8173465621823328
0.44,4.339034377103094,-3.3420667955294654,0.2325842421275319,-0.957685974916254,0.2191395810643351,0.800084295446479
0.46,4.320073898439691,-3.3376388855722077,0.248737394277515,-1.0041134195126777,0.20829958938035228,0.7636934854111403
0.48,4.301113419776289,-3.3332109756149504,0.2648905464274981,-1.0505408641091014,0.1974595976963695,0.7273026753758017
0.5,4.282152941112886,-3.3287830656576927,0.28104369857748124,-1.0969683087055253,0.18661960601238672,0.6909118653404631
0.52,4.261249483284563,-3.3248088071596738,0.2956739026886937,-1.140132736078592,0.17306247720198506,0.6411532585989793
0.54,4.238916532156577,-3.3211683102032468,0.30918363980959424,-1.1808964885799524,0.15750628973639713,0.5815596643456911
0.56,4.2165835810285905,-3.3175278132468193,0.3226933769304948,-1.2216602410813129,0.14195010227080923,0.5219660700924028
0.58,4.194250629900605,-3.313887316290392,0.33620311405139525,-1.262423993582673,0.1263939148052214,0.4623724758391149
0.6,4.169121997874394,-3.31131370188226,0.34562577226304037,-1.2978696664882865,0.1092341949122756,0.38560261820079134
0.62,4.143827982788247,-3.3088032006500785,0.35480665266068534,-1.3330007397280048,0.09197961544515154,0.3078166707080441
0.64,4.1185339677021,-3.3062926994178965,0.3639875330583303,-1.3681318129677233,0.07472503597802749,0.23003072321529683
0.66,4.092443334024427,-3.3041734563376846,0.37140456947918016,-1.4018651029388949,0.057454260910434096,0.14824987954067687
0.68,4.064597410725754,-3.3029163213987953,0.37493510731907265,-1.4325184817834808,0.040147800045757756,0.05766658023722575
0.7000000000000001,4.036751487427081,-3.3016591864599056,0.3784656451589652,-1.4631718606280666,0.022841339181081416,-0.03291671906622537
0.72,4.008905564128407,-3.3004020515210164,0.3819961829988577,-1.4938252394726523,0.005534878316405173,-0.12350001836967595
0.74,3.9795451084157,-3.3,0.3810511508319038,-1.5377687849815298,-1.0469478846030876e-15,-0.15346197832358568
0.76,3.949472534975104,-3.3,0.37800175119499624,-1.5879612316037437,-8.981679713188505e-16,-0.1549204014504444
0.78,3.919399961534508,-3.3,0.3749523515580887,-1.6381536782259574,-7.493880580346134e-16,-0.1563788245773031
0.8,3.889327388093912,-3.3,0.3719029519211812,-1.688346124848171,-6.006081447503763e-16,-0.1578372477041618
0.8200000000000001,3.859254814653316,-3.3,0.3688535522842737,-1.7385385714703847,-4.518282314661391e-16,-0.1592956708310205
0.84,3.82918224121272,-3.3,0.3658041526473662,-1.7887310180925982,-3.030483181819028e-16,-0.1607540939578792
0.86,3.799109667772124,-3.3,0.36275475301045873,-1.8389234647148118,-1.5426840489766574e-16,-0.1622125170847379
0.88,3.769037094331528,-3.3,0.3597053533735512,-1.8891159113370255,-5.488491613428507e-18,-0.16367094021159662
0.9,3.738964520890932,-3.3,0.35665595373664366,-1.9393083579592392,1.4329142167080853e-16,-0.1651293633384553
0.92,3.7088919474503355,-3.3,0.3536065540997362,-1.989500804581453,2.9207133495504576e-16,-0.166587786465314
0.9400000000000001,3.6734962264388136,-3.3,0.35040248175712135,-2.039695483571122,3.379552400896467e-16,-0.1674135299937747
0.96,3.633226387798461,-3.3,0.3470567840036868,-2.0898922066186385,2.896228492121583e-16,-0.16765996311558887
0.98,3.5929565491581084,-3.3,0.3437110862502522,-2.1400889296661556,2.412904583346696e-16,-0.167906396237403
1.0,3.5526867105177558,-3.3,0.3403653884968176,-2.1902856527136723,1.9295806745718096e-16,-0.16815282935921713
1.02,3.5124168718774027,-3.3,0.337019690743383,-2.2404823757611894,1.446256765796923e-16,-0.1683992624810313
1.04,3.47214703323705,-3.3,0.3336739929899484,-2.290679098808706,9.629328570220363e-17,-0.16864569560284542
1.06,3.4318771945966975,-3.3,0.3303282952365138,-2.340875821856223,4.796089482471499e-17,-0.16889212872465956
1.08,3.391607355956345,-3.3,0.3269825974830792,-2.39107254490374,-3.7149605277365165e-19,-0.16913856184647372
1.1,3.3513375173159923,-3.3,0.3236368997296446,-2.441269267951257,-4.870388693026234e-17,-0.16938499496828785
1.12,3.3110676786756392,-3.3,0.32029120197620997,-2.491465990998774,-9.703627780775098e-17,-0.169631428090102
1.1400000000000001,3.2670872482198883,-3.3,0.3169272876407091,-2.541652866270275,-1.4313389077160628e-16,-0.16845911624167126
1.16,3.2166192755669227,-3.3,0.3135315237106628,-2.591822523840226,-1.853242520792877e-16,-0.1648062923025941
1.18,3.1661513029139567,-3.3,0.3101357597806164,-2.641992181410177,-2.275146133869696e-16,-0.16115346836351693
1.2,3.1156833302609908,-3.3,0.30673999585057005,-2.692161838980129,-2.697049746946515e-16,-0.15750064442443978
1.22,3.065215357608025,-3.3,0.3033442319205237,-2.7423314965500802,-3.118953360023334e-16,-0.1538478204853626
1.24,3.0147473849550592,-3.3,0.2999484679904773,-2.7925011541200315,-3.5408569731001526e-16,-0.15019499654628543
1.26,2.9642794123020932,-3.3,0.29655270406043094,-2.842670811689983,-3.962760586176972e-16,-0.14654217260720825
1.28,2.9138114396491273,-3.3,0.29315694013038457,-2.8928404692599345,-4.384664199253791e-16,-0.14288934866813108
1.3,2.8633434669961613,-3.3,0.2897611762003382,-2.943010126829886,-4.80656781233061e-16,-0.13923652472905393
1.32,2.8128754943431953,-3.3,0.28636541227029183,-2.993179784399837,-5.228471425407428e-16,-0.13558370078997675
1.34,2.7603110701572042,-3.3,0.28312228977169696,-3.0299240279308917,-5.632328739239124e-16,-0.13179183591790555
1.36,2.699650462204501,-3.3,0.28046864576090774,-3.0148213207975183,-5.966493931552141e-16,-0.12746301565865667
1.3800000000000001,2.6389898542517973,-3.3,0.27781500175011853,-2.9997186136641454,-6.300659123865159e-16,-0.1231341953994078
1.4000000000000001,2.5783292462990937,-3.3,0.2751613577393293,-2.9846159065307725,-6.634824316178176e-16,-0.11880537514015892
1.42,2.517668638346391,-3.3,0.27250771372854016,-2.9695131993973995,-6.96898950849119e-16,-0.11447655488091008
1.44,2.457008030393687,-3.3,0.2698540697177509,-2.954410492264026,-7.303154700804207e-16,-0.11014773462166119
1.46,2.396347422440984,-3.3,0.2672004257069617,-2.9393077851306533,-7.637319893117224e-16,-0.10581891436241232
1.48,2.3356868144882803,-3.3,0.26454678169617246,-2.9242050779972804,-7.971485085430242e-16,-0.10149009410316344
1.5,2.2750262065355766,-3.3,0.26189313768538325,-2.909102370863907,-8.305650277743259e-16,-0.09716127384391456
1.52,2.214365598582873,-3.3,0.25923949367459403,-2.893999663730534,-8.639815470056276e-16,-0.09283245358466567
1.54,2.1538507843631343,-3.3,0.25662763785842296,-2.877230254993237,-8.904732439232949e-16,-0.08856960357072298
1.56,2.0962584928650467,-3.3,0.2548534514384939,-2.8270508140917903,-7.781527289339835e-16,-0.08562916664642259
1.58,2.038666201366959,-3.3,0.25307926501856487,-2.7768713731903434,-6.658322139446722e-16,-0.0826887297221222
1.6,1.9810739098688719,-3.3,0.2513050785986358,-2.7266919322888965,-5.535116989553609e-16,-0.07974829279782181
1.62,1.9234816183707844,-3.3,0.24953089217870675,-2.6765124913874496,-4.4119118396604973e-16,-0.07680785587352142
1.6400000000000001,1.865889326872697,-3.3,0.2477567057587777,-2.6263330504860027,-3.288706689767384e-16,-0.07386741894922103
1.6600000000000001,1.8082970353746095,-3.3,0.24598251933884863,-2.576153609584556,-2.1655015398742713e-16,-0.07092698202492063
1.68,1.7507047438765226,-3.3,0.24420833291891958,-2.52597416868311,-1.0422963899811715e-16,-0.06798654510062027
1.7,1.6931124523784353,-3.3,0.24243414649899053,-2.475794727781663,8.090875991194201e-18,-0.06504610817631988
1.72,1.6355201608803478,-3.3,0.24065996007906149,-2.425615286880216,1.2041139098050546e-16,-0.06210567125201949
1.74,1.5779278693822603,-3.3,0.2388857736591324,-2.3754358459787692,2.327319059698167e-16,-0.0591652343277191
1.76,1.529402153248718,-3.3,0.23764287440581963,-2.3252492339547164,2.675175226459145e-16,-0.05692087773481438
1.78,1.482004484664691,-3.3,0.23646607697842165,-2.275061729712052,2.926563820264033e-16,-0.05476312624698241
1.8,1.434606816080664,-3.3,0.23528927955102363,-2.224874225469388,3.1779524140689213e-16,-0.05260537475915045
1.82,1.3872091474966368,-3.3,0.23411248212362562,-2.174686721226723,3.429341007873809e-16,-0.05044762327131848
1.84,1.3398114789126097,-3.3,0.2329356846962276,-2.124499216984059,3.6807296016786974e-16,-0.04828987178348651
1.86,1.2924138103285825,-3.3,0.23175888726882962,-2.0743117127413946,3.932118195483585e-16,-0.04613212029565454
1.8800000000000001,1.2450161417445553,-3.3,0.2305820898414316,-2.0241242084987303,4.1835067892884735e-16,-0.04397436880782258
1.9000000000000001,1.1976184731605282,-3.3,0.2294052924140336,-1.9739367042560658,4.4348953830933615e-16,-0.04181661731999062
1.92,1.1502208045765014,-3.3,0.2282284949866356,-1.9237492000134022,4.686283976898247e-16,-0.03965886583215867
1.94,1.1028231359924745,-3.3,0.2270516975592376,-1.8735616957707377,4.937672570703134e-16,-0.03750111434432671
1.96,1.0628807866262997,-3.3,0.22619543263046385,-1.8233716354614973,4.82313162952491e-16,-0.035671636344249864
1.98,1.0256793791316825,-3.3,0.22545701120657585,-1.773180635416519,4.574057001033472e-16,-0.03396284781723484
2.0,0.9884779716370651,-3.3,0.22471858978268788,-1.7229896353715406,4.324982372542034e-16,-0.032254059290219815
2.02,0.9512765641424478,-3.3,0.2239801683587999,-1.6727986353265625,4.075907744050597e-16,-0.03054527076320479
2.04,0.9140751566478305,-3.3,0.22324174693491194,-1.6226076352815841,3.8268331155591585e-16,-0.028836482236189762
2.06,0.876873749153213,-3.3,0.22250332551102397,-1.5724166352366058,3.577758487067721e-16,-0.027127693709174738
2.08,0.8396723416585958,-3.3,0.22176490408713598,-1.5222256351916277,3.328683858576283e-16,-0.02541890518215971
2.1,0.8024709341639784,-3.3,0.221026482663248,-1.4720346351466493,3.079609230084845e-16,-0.023710116655144685
2.12,0.7652695266693611,-3.3,0.22028806123936004,-1.421843635101671,2.8305346015934073e-16,-0.02200132812812966
2.14,0.7280681191747438,-3.3,0.21954963981547207,-1.3716526350566929,2.5814599731019695e-16,-0.020292539601114636
2.16,0.6967097248078185,-3.3,0.2190101479563839,-1.3214607328442056,6.939891961089135e-16,-0.01872532581366354
2.18,0.6697052886214923,-3.3,0.21861888972044444,-1.2712681583758947,1.4731636640075753e-15,-0.017263607338651364
2.2,0.6427008524351661,-3.3,0.21822763148450497,-1.2210755839075835,2.252338131906237e-15,-0.015801888863639188
2.22,0.6156964162488399,-3.3,0.2178363732485655,-1.1708830094392724,3.0315125998048987e-15,-0.014340170388627012
2.24,0.5886919800625137,-3.3,0.21744511501262603,-1.1206904349709612,3.8106870677035606e-15,-0.012878451913614836
2.2600000000000002,0.5616875438761874,-3.3,0.21705385677668657,-1.07049786050265,4.589861535602222e-15,-0.01141673343860266
2.2800000000000002,0.5346831076898612,-3.3,0.21666259854074713,-1.0203052860343391,5.3690360035008835e-15,-0.009955014963590483
2.3000000000000003,0.507678671503535,-3.3,0.21627134030480766,-0.970112711566028,6.1482104713995454e-15,-0.008493296488578307
2.32,0.4806742353172093,-3.3,0.2158800820688682,-0.9199201370977179,6.92738493929819e-15,-0.007031578013566164
2.34,0.4536697991308831,-3.3,0.21548882383292872,-0.8697275626294069,7.706559407196851e-15,-0.005569859538553988
2.36,0.43089568337828954,-3.3,0.21522076185856215,-0.8195338418959067,6.726783891067125e-15,-0.0050752652364232775
2.38,0.4140885383653604,-3.2999999999999994,0.21512647123309384,-0.76933850432724,3.265966276202162e-15,-0.005944823303269018
2.4,0.39728139335243123,-3.2999999999999994,0.21503218060762552,-0.7191431667585734,-1.9485133866280124e-16,-0.006814381370114757
2.42,0.3804742483395021,-3.2999999999999994,0.2149378899821572,-0.6689478291899067,-3.655668953527763e-15,-0.007683939436960496
2.44,0.363667103326573,-3.299999999999999,0.2148435993566889,-0.61875249162124,-7.116486568392726e-15,-0.008553497503806236
2.46,0.34685995831364386,-3.299999999999999,0.21474930873122058,-0.5685571540525733,-1.057730418325769e-14,-0.009423055570651977
2.48,0.3300528133007147,-3.2999999999999985,0.21465501810575227,-0.5183618164839067,-1.4038121798122653e-14,-0.010292613637497717
2.5,0.31324566828778555,-3.2999999999999985,0.21456072748028396,-0.46816647891524,-1.7498939412987616e-14,-0.011162171704343457
2.52,0.2964385232748564,-3.2999999999999985,0.21446643685481565,-0.4179711413465733,-2.0959757027852576e-14,-0.012031729771189197
2.54,0.2796313782619273,-3.299999999999998,0.21437214622934733,-0.36777580377790664,-2.442057464271754e-14,-0.012901287838034937
2.56,0.2654418217916773,-3.299999999999998,0.2142325098537829,-0.31805201099061986,0.003454930881916963,-0.013648588197445799
2.58,0.2588325293128477,-3.2999999999999985,0.21396155690534496,-0.26969376281370816,0.01691498202254013,-0.014041842960219979
2.6,0.25222323683401815,-3.299999999999999,0.21369060395690703,-0.22133551463679652,0.0303750331631633,-0.014435097722994157
2.62,0.24561394435518852,-3.2999999999999994,0.2134196510084691,-0.17297726645988487,0.04383508430378647,-0.014828352485768335
2.64,0.23900465187635894,-3.2999999999999994,0.21314869806003117,-0.12461901828297323,0.05729513544440964,-0.015221607248542515
2.66,0.23239535939752934,-3.3,0.21287774511159324,-0.07626077010606158,0.07075518658503281,-0.015614862011316693
2.68,0.22578606691869973,-3.3000000000000003,0.2126067921631553,-0.02790252192914988,0.08421523772565598,-0.01600811677409087
2.7,0.21917677443987016,-3.3000000000000007,0.21233583921471738,0.020455726247761763,0.09767528886627914,-0.01640137153686505
2.72,0.21256748196104056,-3.300000000000001,0.21206488626627945,0.06881397442467341,0.11113534000690231,-0.01679462629963923
2.74,0.20595818948221095,-3.300000000000001,0.21179393331784152,0.11717222260158505,0.12459539114752549,-0.017187881062413406
2.7600000000000002,0.20031675274602465,-3.2997306067055336,0.2115151096566662,0.1655292409433701,0.13805980448615005,-0.017588742039340764
2.7800000000000002,0.20353208358126962,-3.2969960177323268,0.21116426175647968,0.21387500516598443,0.15156413593663418,-0.01805920685068794
2.8000000000000003,0.20674741441651462,-3.2942614287591203,0.21081341385629315,0.26222076938859873,0.16506846738711833,-0.018529671662035122
2.82,0.2099627452517595,-3.2915268397859134,0.21046256595610663,0.310566533611212,0.1785727988376022,-0.01900013647338229
2.84,0.2131780760870045,-3.288792250812707,0.2101117180559201,0.3589122978338263,0.19207713028808637,-0.01947060128472947
2.86,0.21639340692224948,-3.2860576618395,0.20976087015573358,0.4072580620564406,0.2055814617385705,-0.019941066096076647
2.88,0.21960873775749448,-3.2833230728662937,0.20941002225554706,0.45560382627905494,0.21908579318905466,-0.020411530907423828
2.9,0.22282406859273945,-3.2805884838930868,0.20905917435536053,0.5039495905016692,0.23259012463953882,-0.02088199571877101
2.92,0.2305231530191296,-3.27660145645699,0.20866469391941883,0.5522851543495878,0.2461304271319524,-0.021413145973380156
2.94,0.24096950286286156,-3.2718470405356648,0.2082434791516022,0.600614468269611,0.25969276964006033,-0.02198147914097072
2.96,0.2514158527065935,-3.2670926246143392,0.2078222643837856,0.6489437821896341,0.2732551121481683,-0.022549812308561287
2.98,0.26186220255032544,-3.262338208693014,0.20740104961596897,0.6972730961096572,0.28681745465627617,-0.02311814547615185
3.0,0.27230855239405743,-3.2575837927716886,0.20697983484815236,0.7456024100296803,0.3003797971643841,-0.023686478643742417
3.02,0.2827549022377894,-3.252829376850363,0.20655862008033574,0.7939317239497035,0.31394213967249207,-0.02425481181133298
3.04,0.29320125208152137,-3.248074960929038,0.20613740531251912,0.8422610378697266,0.32750448218059997,-0.024823144978923548
3.06,0.3046713903141663,-3.2430332458996136,0.2057041512076968,0.8905855603010312,0.34108353495561095,-0.025420579542367504
3.08,0.32234629871401976,-3.236250326384669,0.20519793151751042,0.9388810434439637,0.35476386194577125,-0.02619438597598569
3.1,0.3400212071138732,-3.2294674068697247,0.20469171182732404,0.9871765265868963,0.36844418893593156,-0.026968192409603874
3.12,0.3576961155137266,-3.22268448735478,0.20418549213713763,1.035472009729829,0.38212451592609187,-0.02774199884322206
3.14,0.37537102391358,-3.2159015678398357,0.20367927244695125,1.0837674928727614,0.3958048429162522,-0.028515805276840243
3.16,0.3930459323134335,-3.2091186483248917,0.20317305275676487,1.132062976015694,0.4094851699064125,-0.02928961171045843
3.18,0.4107208407132869,-3.202335728809947,0.20266683306657848,1.1803584591586265,0.4231654968965728,-0.030063418144076617
3.2,0.4283957491131404,-3.1955528092950027,0.2021606133763921,1.228653942301559,0.4368458238867331,-0.0308372245776948
3.22,0.4508612091531289,-3.1874129033990957,0.20157763786073354,1.2767040651765669,0.4508112310018219,-0.0383856720635751
3.24,0.4757596160796567,-3.1785838334906398,0.20095568085387436,1.3246295784982771,0.4649214199404795,-0.04937471326259564
3.2600000000000002,0.5006580230061846,-3.169754763582184,0.20033372384701517,1.3725550918199871,0.47903160887913704,-0.06036375446161618
3.2800000000000002,0.5255564299327125,-3.160925693673728,0.19971176684015596,1.4204806051416972,0.4931417978177946,-0.07135279566063672
3.3000000000000003,0.5504548368592403,-3.152096623765272,0.19908980983329677,1.4684061184634072,0.5072519867564522,-0.08234183685965726
3.3200000000000003,0.5753532437857681,-3.143267553856816,0.19846785282643756,1.5163316317851172,0.5213621756951098,-0.09333087805867782
3.34,0.6002516507122955,-3.1344384839483608,0.19784589581957837,1.5642571451068261,0.535472364633767,-0.1043199192576981
3.36,0.6264743674078229,-3.125219511882327,0.1969202822922016,1.6027798695096274,0.5562241208373203,-0.11253791892335972
3.38,0.6585409369107098,-3.114279997635383,0.19465470733628362,1.5998104025029494,0.606283477433755,-0.10852799486369642
3.4,0.6906075064135968,-3.103340483388439,0.19238913238036567,1.5968409354962714,0.6563428340301896,-0.10451807080403314
3.42,0.7226740759164837,-3.0924009691414946,0.1901235574244477,1.5938714684895934,0.7064021906266241,-0.10050814674436985
3.44,0.7547406454193706,-3.0814614548945505,0.18785798246852972,1.5909020014829154,0.7564615472230587,-0.09649822268470655
3.46,0.7868072149222576,-3.0705219406476063,0.18559240751261177,1.5879325344762372,0.8065209038194934,-0.09248829862504326
3.48,0.8188737844251446,-3.059582426400662,0.1833268325566938,1.5849630674695592,0.8565802604159278,-0.08847837456537998
3.5,0.8509403539280315,-3.048642912153718,0.18106125760077585,1.5819936004628812,0.9066396170123625,-0.08446845050571668
3.52,0.8826932241340437,-3.0324150465300543,0.17921929750666893,1.5467950110976003,0.9124699150738417,-0.083228705209893
3.54,0.9143156539533113,-3.013988213278177,0.1775534821695185,1.4981951191894705,0.8999091757369942,-0.08314083750164131
3.56,0.9459380837725788,-2.9955613800262997,0.1758876668323681,1.4495952272813408,0.8873484364001468,-0.08305296979338961
3.58,0.9775605135918464,-2.977134546774422,0.17422185149521766,1.400995335373211,0.8747876970632994,-0.08296510208513791
3.6,1.009182943411114,-2.958707713522545,0.17255603615806725,1.3523954434650811,0.862226957726452,-0.08287723437688621
3.62,1.0408053732303815,-2.9402808802706675,0.17089022082091682,1.3037955515569515,0.8496662183896044,-0.08278936666863451
3.64,1.072427803049649,-2.9218540470187904,0.16922440548376638,1.2551956596488216,0.837105479052757,-0.08270149896038281
3.66,1.1023938637748412,-2.9038553056746776,0.16756158483139197,1.2066191754655473,0.8244558777755469,-0.08254891840220309
3.68,1.1267472650072683,-2.887307167410813,0.16590891176387407,1.15812200910436,0.8115051649798315,-0.08217705628851042
3.7,1.1511006662396954,-2.870759029146948,0.16425623869635614,1.1096248427431727,0.798554452184116,-0.08180519417481776
3.72,1.1754540674721223,-2.8542108908830834,0.16260356562883824,1.0611276763819852,0.7856037393884007,-0.08143333206112509
3.74,1.1998074687045495,-2.8376627526192184,0.16095089256132034,1.012630510020798,0.7726530265926852,-0.08106146994743242
3.7600000000000002,1.2241608699369766,-2.821114614355354,0.1592982194938024,0.9641333436596107,0.7597023137969698,-0.08068960783373975
3.7800000000000002,1.2485142711694037,-2.804566476091489,0.1576455464262845,0.9156361772984234,0.7467516010012545,-0.08031774572004709
3.8000000000000003,1.2728676724018309,-2.788018337827624,0.15599287335876658,0.867139010937236,0.733800888205539,-0.07994588360635442
3.8200000000000003,1.291784992601555,-2.7729218539486036,0.15438188257364346,0.8186672080018297,0.7207574805820391,-0.07934778238047696
3.84,1.3088847297861066,-2.758310738543291,0.15278482848447075,0.770203885464643,0.7076830799428797,-0.0786740368871206
3.86,1.3259844669706586,-2.7436996231379776,0.15118777439529799,0.7217405629274554,0.69460867930372,-0.07800029139376424
3.88,1.3430842041552105,-2.7290885077326648,0.14959072030612525,0.6732772403902676,0.6815342786645602,-0.07732654590040788
3.9,1.3601839413397623,-2.7144773923273515,0.14799366621695248,0.6248139178530799,0.6684598780254004,-0.07665280040705151
3.92,1.3772836785243143,-2.6998662769220387,0.1463966121277797,0.5763505953158923,0.6553854773862406,-0.07597905491369515
3.94,1.3943834157088661,-2.6852551615167255,0.14479955803860697,0.5278872727787045,0.6423110767470809,-0.07530530942033878
3.96,1.409518894622128,-2.6711739623089783,0.1432298114077137,0.47942796837467555,0.629222014872006,-0.07461297410967381
3.98,1.419370029739665,-2.658518369607153,0.14173352863839378,0.43097947374924767,0.6160935106220775,-0.07387062756209858
4.0,1.429221164857202,-2.6458627769053273,0.14023724586907382,0.3825309791238197,0.602965006372149,-0.07312828101452337
4.0200000000000005,1.4390722999747392,-2.6332071842035014,0.13874096309975384,0.33408248449839073,0.5898365021222202,-0.07238593446694813
4.04,1.448923435092276,-2.620551591501676,0.13724468033043394,0.2856339898729639,0.576707997872292,-0.07164358791937293
4.0600000000000005,1.4587745702098134,-2.60789599879985,0.13574839756111395,0.2371854952475349,0.5635794936223631,-0.0709012413717977
4.08,1.4686257053273502,-2.5952404060980245,0.13425211479179402,0.18873700062210808,0.550450989372435,-0.0701588948242225
4.1,1.478476840444887,-2.5825848133961995,0.13275583202247412,0.14028850599668125,0.5373224851225067,-0.0694165482766473
4.12,1.4825849021050876,-2.5714854705816133,0.1313475468429024,0.09339054330403235,0.5251713396242509,-0.09610105718064851
4.14,1.4851896529488904,-2.560793492796551,0.12996229597230627,0.046898448905258946,0.5132760282179337,-0.12996483843183856
4.16,1.487794403792693,-2.5501015150114887,0.12857704510171006,0.0004063545064834917,0.5013807168116159,-0.16382861968303014
4.18,1.4903991546364956,-2.5394095372264265,0.12719179423111393,-0.04608573989228992,0.4894854054052987,-0.1976924009342202
4.2,1.4930039054802984,-2.5287175594413642,0.12580654336051775,-0.09257783429106539,0.47759009399898095,-0.23155618218541174
4.22,1.495608656324101,-2.518025581656302,0.12442129248992162,-0.13906992868983878,0.4656947825926637,-0.2654199634366018
4.24,1.4982134071679036,-2.5073336038712397,0.12303604161932542,-0.18556202308861428,0.45379947118634595,-0.29928374468779334
4.26,1.4986339641385906,-2.4972004666080556,0.1200598737447449,-0.2319159921339548,0.44159560182217655,-0.3335341686779938
4.28,1.4942849471861679,-2.488287656538869,0.11360965700049497,-0.27796834002196225,0.42871794154244086,-0.3686288955243857
4.3,1.4899359302337454,-2.4793748464696828,0.1071594402562453,-0.32402068790996763,0.4158402812627057,-0.4037236223707761
4.32,1.4855869132813226,-2.4704620364004963,0.10070922351199535,-0.370073035797975,0.4029626209829701,-0.438818349217168
4.34,1.4812378963289001,-2.46154922633131,0.09425900676774569,-0.4161253836859804,0.39008496070323495,-0.47391307606355837
4.36,1.4768888793764776,-2.4526364162621235,0.08780879002349574,-0.4621777315739878,0.37720730042349926,-0.5090078029099503
4.38,1.4708319142038169,-2.4442012013203267,0.0800570114912824,-0.5082019977008708,0.36461802507602775,-0.544828277833377
4.4,1.460951718637572,-2.43683507980023,0.06939169581086602,-0.5541634029978103,0.3526742974243331,-0.5822733348567377
4.42,1.4510715230713276,-2.429468958280134,0.05872638013045012,-0.6001248082947477,0.340730569772639,-0.6197183918800969
4.44,1.441191327505083,-2.4221028367600375,0.04806106445003373,-0.6460862135916872,0.32878684212094433,-0.6571634489034577
4.46,1.4313111319388385,-2.4147367152399415,0.03739574876961782,-0.6920476188886246,0.3168431144692502,-0.6946085059268169
4.48,1.4214309363725937,-2.4073705937198446,0.026730433089201436,-0.7380090241855641,0.3048993868175555,-0.7320535629501776
4.5,1.4098755145495294,-2.400439803670528,0.014700299638128536,-0.7838944444076793,0.29350776863591527,-0.7708195907209671
4.5200000000000005,1.3944750631505556,-2.3945081994766477,-0.0004624045164780821,-0.829605461405856,0.28338336867799496,-0.8126175501917918
4.54,1.3790746117515822,-2.388576595282768,-0.015625108671084027,-0.8753164784040307,0.27325896872007505,-0.8544155096626148
4.5600000000000005,1.3636741603526084,-2.3826449910888874,-0.030787812825690646,-0.9210274954022074,0.26313456876215474,-0.8962134691334396
4.58,1.348273708953635,-2.3767133868950077,-0.04595051698029659,-0.966738512400382,0.2530101688042348,-0.9380114286042625
4.6000000000000005,1.3328732575546611,-2.3707817827011275,-0.06111322113490321,-1.0124495293985587,0.24288576884631452,-0.9798093880750873
4.62,1.315835895465385,-2.3652127330862744,-0.07777270946067055,-1.0577326565305873,0.23419473831604729,-1.0253238980932335
4.64,1.2949452614539805,-2.3604971334414664,-0.09795561323872254,-1.1020085350590416,0.22887784554560492,-1.0795871321291353
4.66,1.274054627442575,-2.3557815337966583,-0.11813851701677543,-1.1462844135874979,0.22356095277516233,-1.1338503661650394
4.68,1.2531639934311705,-2.3510659341518503,-0.1383214207948274,-1.190560292115952,0.21824406000471996,-1.1881136002009411
4.7,1.232273359419765,-2.346350334507042,-0.1585043245728803,-1.2348361706444082,0.21292716723427735,-1.2423768342368453
4.72,1.2113827254083605,-2.3416347348622337,-0.1786872283509323,-1.2791120491728623,0.20761027446383498,-1.296640068272747
4.74,1.1889348458434716,-2.3371061378902374,-0.2007786471653486,-1.31626603763071,0.20603691201191537,-1.3713098397267534
4.76,1.1627263984380454,-2.333029130737135,-0.22747890898007228,-1.3362214855607155,0.21350374215802875,-1.4952590380377542
4.78,1.1365179510326178,-2.3289521235840334,-0.2541791707947971,-1.3561769334907217,0.2209705723041425,-1.6192082363487605
4.8,1.1103095036271913,-2.324875116430931,-0.28087943260952086,-1.3761323814207271,0.22843740245025587,-1.7431574346597614
4.82,1.0841010562217637,-2.3207981092778294,-0.3075796944242457,-1.3960878293507333,0.23590423259636958,-1.8671066329707675
4.84,1.0578926088163374,-2.316721102124727,-0.33427995623896944,-1.4160432772807388,0.24337106274248296,-1.9910558312817686
4.86,1.0309950427282257,-2.312386243974148,-0.36526053832314864,-1.4180756328530946,0.25639414067288224,-2.080732278572498
4.88,1.0023898196559518,-2.307412423235876,-0.4068478837795229,-1.375694022280844,0.2831857690329711,-2.08547980996399
4.9,0.9737845965836764,-2.302438602497604,-0.44843522923589907,-1.3333124117085915,0.3099773973930612,-2.090227341355482
4.92,0.9451793735114025,-2.2974647817593317,-0.49002257469227334,-1.290930801136341,0.33676902575315004,-2.0949748727469744
4.94,0.9165741504391272,-2.2924909610210595,-0.5316099201486495,-1.2485491905640886,0.3635606541132401,-2.099722404138466
4.96,0.8879689273668532,-2.2875171402827874,-0.5731972656050237,-1.206167579991838,0.390352282473329,-2.1044699355299583
4.98,0.8608001992559856,-2.281635236094476,-0.614945525307721,-1.162966567030388,0.41556722664949824,-2.105480391735659
5.0,0.8372852760005179,-2.2734435711287166,-0.657103079348584,-1.1176813585036163,0.43677178688321583,-2.096985389289801
5.0200000000000005,0.8137703527450493,-2.2652519061629572,-0.699260633389449,-1.0723961499768426,0.45797634711693436,-2.088490386843942
5.04,0.7902554294895816,-2.257060241197198,-0.7414181874303122,-1.0271109414500708,0.47918090735065194,-2.0799953843980834
5.0600000000000005,0.7667405062341128,-2.248868576231438,-0.7835757414711771,-0.9818257329232971,0.5003854675843704,-2.071500381952225
5.08,0.7432255829786453,-2.240676911265679,-0.8257332955120402,-0.9365405243965254,0.521590027818088,-2.0630053795063663
5.1000000000000005,0.7212166527273799,-2.231780073012482,-0.8676083419821028,-0.8910895742712547,0.5422842138348928,-2.053611212637684
5.12,0.7031407697904517,-2.221041606082023,-0.9087455924335078,-0.8452057738292696,0.5616455079076192,-2.041868790359806
5.14,0.6850648868535236,-2.2103031391515637,-0.9498828428849129,-0.7993219733872846,0.5810068019803458,-2.0301263680819277
5.16,0.6669890039165948,-2.199564672221104,-0.9910200933363197,-0.7534381729452975,0.6003680960530733,-2.0183839458040493
5.18,0.6489131209796667,-2.188826205290645,-1.0321573437877247,-0.7075543725033124,0.6197293901257999,-2.006641523526171
5.2,0.6308372380427377,-2.1780877383601855,-1.0732945942391316,-0.6616705720613254,0.6390906841985272,-1.9948991012482922
5.22,0.6142579551149374,-2.1667177606872223,-1.114048840032705,-0.6157310988688276,0.6582242553364239,-1.9827275548414645
5.24,0.6016930071762221,-2.1536538797307108,-1.1537757512081201,-0.5696422944796423,0.6767470045182011,-1.9694049674116523
5.26,0.5891280592375073,-2.1405899987742,-1.1935026623835334,-0.5235534900904592,0.6952697536999776,-1.9560823799818408
5.28,0.576563111298792,-2.1275261178176885,-1.2332295735589485,-0.477464685701274,0.7137925028817549,-1.9427597925520288
5.3,0.5639981633600772,-2.114462236861178,-1.2729564847343617,-0.4313758813120908,0.7323152520635313,-1.9294372051222173
5.32,0.551433215421362,-2.1013983559046663,-1.3126833959097768,-0.38528707692290565,0.7508380012453085,-1.9161146176924053
5.34,0.540342123623484,-2.087742143079523,-1.3519842691882313,-0.3391771267306177,0.7692411930152312,-1.9024779988346958
5.36,0.5333127329552532,-2.072453562648553,-1.390111053246305,-0.29300890224005777,0.7873149045453068,-1.8879759618604564
5.38,0.5262833422870226,-2.0571649822175835,-1.428237837304377,-0.24684067774949991,0.8053886160753817,-1.8734739248862176
5.4,0.5192539516187917,-2.041876401786613,-1.4663646213624508,-0.20067245325894,0.8234623276054573,-1.8589718879119783
5.42,0.5122245609505611,-2.0265878213556436,-1.5044914054205227,-0.15450422876838213,0.8415360391355321,-1.8444698509377395
5.44,0.5051951702823303,-2.0112992409246733,-1.5426181894785966,-0.10833600427782222,0.8596097506656077,-1.8299678139635003
5.46,0.4996126942670263,-1.9954442293966466,-1.5802904789134196,-0.06210898455450427,0.8773957521512935,-1.8148667708015969
5.48,0.49812839972638895,-1.9779848817566448,-1.6166754764948048,-0.015715435635278538,0.8943668555560143,-1.798069127182622
5.5,0.4966441051857517,-1.9605255341166439,-1.6530604740761885,0.030678113283945138,0.9113379589607343,-1.7812714835636476
5.5200000000000005,0.49515981064511433,-1.943066186476642,-1.6894454716575737,0.07707166220317088,0.9283090623654551,-1.7644738399446727
5.54,0.4936755161044771,-1.925606838836641,-1.7258304692389574,0.12346521112239456,0.9452801657701752,-1.7476761963256984
5.5600000000000005,0.4921912215638397,-1.9081474911966392,-1.7622154668203427,0.1698587600416203,0.9622512691748959,-1.7308785527067232
5.58,0.4907069270232024,-1.8906881435566383,-1.7986004644017264,0.21625230896084396,0.979222372579616,-1.7140809090877491
5.6000000000000005,0.49286510314809623,-1.8718963532009336,-1.8336666380181985,0.2628119995779813,0.9951216121877372,-1.6950944493019138
5.62,0.49757213699812675,-1.8521721718334474,-1.8678099504891084,0.30948794962149895,1.0102708036639372,-1.674576342041578
5.64,0.5022791708481572,-1.832447990465961,-1.9019532629600184,0.3561638996650166,1.0254199951401373,-1.6540582347812425
5.66,0.506986204698188,-1.812723809098474,-1.9360965754309296,0.40283984970853637,1.0405691866163378,-1.6335401275209058
5.68,0.5116932385482185,-1.7929996277309879,-1.9702398879018395,0.449515799752054,1.0557183780925379,-1.61302202026057
5.7,0.5164002723982491,-1.7732754463635008,-2.004383200372751,0.4961917497955737,1.0708675695687384,-1.5925039130002334
5.72,0.5211073062482797,-1.7535512649960145,-2.038526512843661,0.5428676998390913,1.0860167610449385,-1.5719858057398977
5.74,0.5315182516645371,-1.7319758165756038,-2.0701624640458682,0.589774892769362,1.0979345511563914,-1.5456120299916865
5.76,0.5424543010005133,-1.7102299399192984,-2.1015675867692205,0.6367033739936074,1.1095548574266039,-1.518699179533103
5.78,0.55339035033649,-1.688484063262992,-2.132972709492574,0.6836318552178551,1.1211751636968168,-1.4917863290745184
5.8,0.5643263996724662,-1.6667381866066866,-2.1643778322159264,0.7305603364421005,1.132795469967029,-1.464873478615935
5.82,0.5752624490084428,-1.64499230995038,-2.19578295493928,0.777488817666348,1.144415776237242,-1.4379606281573503
5.84,0.5861984983444191,-1.6232464332940748,-2.2271880776626323,0.8244172988905935,1.1560360825074545,-1.4110477776987669
5.86,0.5986569047565538,-1.601123594609254,-2.257720149154275,0.8711673200456245,1.1653337434216438,-1.3812917790242332
5.88,0.6158556704594208,-1.5778269607077227,-2.2855336885864275,0.917361647099457,1.167399084359832,-1.3426827035837572
5.9,0.6330544361622885,-1.5545303268061903,-2.3133472280185816,0.9635559741532916,1.1694644252980204,-1.3040736281432797
5.92,0.6502532018651556,-1.531233692904659,-2.341160767450734,1.0097503012071243,1.1715297662362087,-1.265464552702804
5.94,0.6674519675680233,-1.507937059003127,-2.3689743068828877,1.0559446282609588,1.1735951071743973,-1.2268554772623261
5.96,0.6846507332708903,-1.4846404251015954,-2.3967878463150405,1.1021389553147916,1.1756604481125856,-1.1882464018218504
5.98,0.701849498973758,-1.4613437912000633,-2.424601385747194,1.148333282368626,1.177725789050774,-1.1496373263813728
6.0,0.7225650326621157,-1.4378899231671345,-2.4494756213921067,1.176574010021966,1.1669090806136428,-1.070360035374051
6.0200000000000005,0.7459285401284128,-1.4143176646521893,-2.472136688756906,1.1912964559381383,1.1463927476654,-0.9604613417433919
6.04,0.7692920475947088,-1.3907454061372453,-2.4947977561217045,1.20601890185431,1.125876414717158,-0.8505626481127376
6.0600000000000005,0.7926555550610058,-1.3671731476223001,-2.5174588234865043,1.2207413477704823,1.105360081768915,-0.7406639544820786
6.08,0.8160190625273019,-1.343600889107356,-2.5401198908513027,1.235463793686654,1.0848437488206732,-0.6307652608514243
6.1000000000000005,0.839382569993599,-1.3200286305924112,-2.562780958216102,1.2501862396028263,1.0643274158724303,-0.5208665672207651
6.12,0.862746077459895,-1.2964563720774671,-2.5854420255809005,1.264908685518998,1.0438110829241884,-0.4109678735901109
6.140000000000001,0.8878736253821333,-1.2753423763766265,-2.594935053971543,1.2407594985558241,1.0077095734958714,-0.366854720480412
6.16,0.9132018779370099,-1.2545080708231267,-2.6029298817874826,1.2121876710739132,0.969834852399129,-0.3302263519167664
6.18,0.9385301304918864,-1.2336737652696268,-2.6109247096034225,1.1836158435920021,0.9319601313023866,-0.29359798335312076
6.2,0.9638583830467641,-1.2128394597161258,-2.618919537419363,1.1550440161100897,0.8940854102056426,-0.25696961478947355
6.22,0.9891866356016406,-1.192005154162626,-2.6269143652353026,1.1264721886281786,0.8562106891089001,-0.2203412462258279
6.24,1.0145148881565182,-1.1711708486091252,-2.634909193051243,1.0979003611462663,0.818335968012156,-0.18371287766218064
6.26,1.0389843467868642,-1.151474957474225,-2.6418030685249554,1.067342991298639,0.7816000510101849,-0.15195378938125276
6.28,1.0604996216587887,-1.1356951226710204,-2.644909754272119,1.0299555114084122,0.7487815307953837,-0.13694464345031623
6.3,1.0820148965307124,-1.1199152878678165,-2.6480164400192825,0.9925680315181873,0.7159630105805839,-0.1219354975193804
6.32,1.1035301714026369,-1.104135453064612,-2.6511231257664463,0.9551805516279606,0.6831444903657825,-0.10692635158844391
6.34,1.1250454462745605,-1.0883556182614083,-2.6542298115136096,0.9177930717377354,0.6503259701509827,-0.09191720565750806
6.36,1.1465607211464852,-1.0725757834582037,-2.6573364972607734,0.8804055918475088,0.6175074499361813,-0.07690805972657157
6.38,1.1680759960184086,-1.0567959486549998,-2.6604431830079367,0.8430181119572837,0.5846889297213815,-0.061898913795635724
6.4,1.186834045352926,-1.0434363909686737,-2.662442984830934,0.8040779689466921,0.553470050053909,-0.05157664743818548
6.42,1.203359872961334,-1.0320362649973827,-2.6635466646971735,0.7638808056802021,0.5235462230889707,-0.045048831070281355
6.44,1.2198857005697425,-1.0206361390260912,-2.664650344563413,0.7236836424137104,0.4936223961240311,-0.03852101470237694
6.46,1.2364115281781503,-1.0092360130548002,-2.6657540244296523,0.6834864791472205,0.46369856915909274,-0.03199319833447281
6.48,1.2529373557865588,-0.9978358870835087,-2.666857704295892,0.6432893158807288,0.43377474219415313,-0.025465381966568394
6.5,1.2694631833949668,-0.9864357611122176,-2.6679613841621315,0.6030921526142389,0.4038509152292148,-0.018937565598664267
6.5200000000000005,1.2859890110033754,-0.9750356351409261,-2.669065064028371,0.5628949893477471,0.3739270882642751,-0.012409749230759853
6.54,1.2977941953519145,-0.9671496803347693,-2.6694021352626836,0.5215817388344449,0.34545554156051433,-0.009702399090972503
6.5600000000000005,1.3089556168315872,-0.9597429595622847,-2.6696346626573075,0.48011628543514395,0.31718204500709557,-0.007516053010172066
6.58,1.3201170383112595,-0.9523362387898004,-2.669867190051932,0.4386508320358449,0.28890854845367814,-0.005329706929371727
6.6000000000000005,1.3312784597909322,-0.9449295180173158,-2.670099717446556,0.39718537863654396,0.26063505190025943,-0.003143360848571291
6.62,1.3424398812706047,-0.9375227972448317,-2.67033224484118,0.3557199252372448,0.23236155534684194,-0.0009570147677709535
6.640000000000001,1.3536013027502773,-0.9301160764723471,-2.670564772235804,0.3142544718379439,0.20408805879342323,0.0012293313130294827
6.66,1.3636151762563202,-0.9234918189558362,-2.6707367929481407,0.27264279872705194,0.17603150457570016,0.002870218326017902
6.68,1.3692429353013738,-0.9198582629011245,-2.6706775473079882,0.23047225016499148,0.14880413914803747,0.0024262723209659666
6.7,1.3748706943464273,-0.9162247068464127,-2.6706183016678358,0.18830170160292917,0.1215767737203736,0.0019823263159140124
6.72,1.3804984533914808,-0.912591150791701,-2.6705590560276833,0.1461311530408687,0.09434940829271092,0.0015383803108620774
6.74,1.3861262124365346,-0.9089575947369891,-2.670499810387531,0.1039606044788064,0.06712204286504703,0.001094434305810123
6.76,1.391753971481588,-0.9053240386822775,-2.6704405647473783,0.06179005591674594,0.03989467743738434,0.0006504883007581882
6.78,1.3973817305266416,-0.9016904826275657,-2.670381319107226,0.019619507354683652,0.01266731200972046,0.00020654229570623347
6.8,1.4,-0.9000000000000001,-2.670353755551324,-0.026005504076924764,-0.006162748540643184,0.005599385304942827
6.82,1.4,-0.9000000000000001,-2.670353755551324,-0.07463591375389025,-0.01768711605073226,0.016070261028523502
6.84,1.4,-0.9000000000000001,-2.670353755551324,-0.12326632343085357,-0.029211483560820824,0.026541136752103716
6.86,1.4,-0.9000000000000001,-2.670353755551324,-0.17189673310781906,-0.04073585107090989,0.03701201247568439
6.88,1.4,-0.9000000000000001,-2.670353755551324,-0.22052714278478236,-0.05226021858099846,0.047482888199264606
6.9,1.4,-0.9000000000000001,-2.670353755551324,-0.26915755246174783,-0.06378458609108753,0.05795376392284528
6.92,1.3971686784339166,-0.9006709626853554,-2.6697441284383947,-0.31793584219729043,-0.07471983014736405,0.06802329956986587
6.94,1.3912806046618622,-0.9020663102986373,-2.668476335525935,-0.36687378624433997,-0.08501904457048279,0.07765954032765071
6.96,1.385392530889808,-0.903461657911919,-2.6672085426134755,-0.4158117302913873,-0.09531825899360107,0.08729578108543512
6.98,1.3795044571177537,-0.9048570055252009,-2.6659407497010164,-0.46474967433843684,-0.10561747341671979,0.09693202184321996
7.0,1.3736163833456996,-0.9062523531384826,-2.6646729567885568,-0.5136876183854842,-0.11591668783983808,0.10656826260100438
7.0200000000000005,1.3677283095736452,-0.9076477007517644,-2.6634051638760976,-0.5626255624325337,-0.12621590226295681,0.11620450335878921
7.04,1.3593103896586505,-0.9095754660705917,-2.661639225669874,-0.6117607794019111,-0.13558196694522717,0.12520346909965996
7.0600000000000005,1.3474970064615723,-0.9122178221857626,-2.6592046957950073,-0.6611607685852808,-0.14369559353335687,0.1333471085486309
7.08,1.3356836232644946,-0.9148601783009336,-2.656770165920141,-0.7105607577686484,-0.1518092201214862,0.14149074799760147
7.1000000000000005,1.3238702400674165,-0.9175025344161045,-2.6543356360452743,-0.7599607469520182,-0.15992284670961593,0.14963438744657243
7.12,1.3120568568703388,-0.9201448905312754,-2.651901106170408,-0.8093607361353857,-0.16803647329774526,0.15777802689554302
7.140000000000001,1.3002434736732607,-0.9227872466464464,-2.6494665762955414,-0.8587607253187555,-0.176150099885875,0.16592166634451397
7.16,1.2861987547806126,-0.9257960851217534,-2.6466642084171705,-0.9084018276021567,-0.1824221876287099,0.1728451389464356
7.18,1.2684041186477173,-0.929420823088674,-2.6432436627927545,-0.9584481374804797,-0.18559943927034167,0.1777180349789911
7.2,1.2506094825148213,-0.9330455610555949,-2.639823117168338,-1.0084944473588051,-0.18877669091197355,0.1825909310115468
7.22,1.232814846381926,-0.9366702990225155,-2.6364025715439214,-1.0585407572371281,-0.1919539425536053,0.1874638270441023
7.24,1.21502021024903,-0.9402950369894364,-2.6329820259195054,-1.1085870671154536,-0.19513119419523717,0.192336723076658
7.26,1.1972255741161346,-0.943919774956357,-2.629561480295089,-1.1586333769937767,-0.1983084458368689,0.19720961910921347
7.28,1.177497022692821,-0.9476672899181491,-2.625952633711643,-1.2079177878679104,-0.19552889832242915,0.19864769232157212
7.3,1.1536428783933261,-0.9516767232265768,-2.6219420874782697,-1.2555768508689273,-0.18004179930099842,0.1927583088308534
7.32,1.12978873409383,-0.9556861565350048,-2.6179315412448965,-1.3032359138699463,-0.16455470027956703,0.1868689253401344
7.34,1.1059345897943351,-0.9596955898434325,-2.613920995011523,-1.3508949768709633,-0.14906760125813634,0.18097954184941567
7.36,1.0820804454948392,-0.9637050231518604,-2.6099104487781495,-1.3985540398719822,-0.13358050223670492,0.17509015835869668
7.38,1.058226301195344,-0.9677144564602881,-2.605899902544776,-1.4462131028729992,-0.11809340321527424,0.16920077486797797
7.4,1.032841525000913,-0.9712265017331663,-2.602078501410882,-1.474922500042498,-0.09547591268515926,0.15766818528758958
7.42,1.0032169156627515,-0.9733607877385169,-2.5987810300764376,-1.4511415358645106,-0.05310731782595054,0.13050397827190308
7.44,0.9735923063245886,-0.9754950737438676,-2.595483558741993,-1.4273605716865219,-0.010738722966739944,0.10333977125621538
7.46,0.943967696986427,-0.9776293597492183,-2.5921860874075486,-1.4035796075085345,0.03162987189246878,0.07617556424052889
7.48,0.9143430876482641,-0.979763645754569,-2.588888616073104,-1.3797986433305458,0.07399846675167938,0.04901135722484119
7.5,0.8847184783101025,-0.9818979317599196,-2.5855911447386597,-1.3560176791525584,0.1163670616108881,0.021847150209154703
7.5200000000000005,0.8557024249934145,-0.9829480033772402,-2.5829888067732516,-1.3286708676919308,0.15566755010887048,-0.004171399441673811
7.54,0.8289571677392821,-0.9799523837575623,-2.5829803238707405,-1.2880182771684952,0.18351955465677894,-0.02591498649028493
7.5600000000000005,0.8022119104851485,-0.9769567641378843,-2.5829718409682294,-1.2473656866450578,0.21137155920468864,-0.04765857353889701
7.58,0.775466653231016,-0.9739611445182064,-2.5829633580657183,-1.2067130961216221,0.23922356375259707,-0.06940216058750813
7.6000000000000005,0.7487213959768825,-0.9709655248985284,-2.582954875163207,-1.1660605055981847,0.26707556830050677,-0.09114574763612021
7.62,0.7219761387227501,-0.9679699052788505,-2.582946392260696,-1.1254079150747491,0.2949275728484152,-0.11288933468473134
7.640000000000001,0.6960058749262501,-0.9644433202021454,-2.583352425075171,-1.084278480893813,0.32206871862810715,-0.13413219836063986
7.66,0.6741827528878629,-0.9580754349863716,-2.585976612665501,-1.040597362921713,0.345405919932193,-0.1526955932129757
7.68,0.6523596308494757,-0.9517075497705979,-2.588600800255831,-0.9969162449496127,0.3687431212362788,-0.17125898806531153
7.7,0.6305365088110875,-0.9453396645548239,-2.591224987846161,-0.9532351269775107,0.3920803225403656,-0.18982238291764822
7.72,0.6087133867727003,-0.9389717793390501,-2.5938491754364903,-0.9095540090054105,0.4154175238444514,-0.20838577776998407
7.74,0.586890264734312,-0.932603894123276,-2.59647336302682,-0.8658728910333084,0.4387547251485382,-0.22694917262232073
7.76,0.5656147982662421,-0.9259434168475198,-2.5993302906903635,-0.8220718233506962,0.46187665971464786,-0.2453620031061143
7.78,0.5490804995541229,-0.9167499094783541,-2.6042020973954902,-0.7772323261685224,0.48313498552310347,-0.262471366651894
7.8,0.5325462008420044,-0.9075564021091889,-2.609073904100616,-0.7323928289863506,0.5043933113315582,-0.279580730197673
7.82,0.5160119021298852,-0.8983628947400233,-2.6139457108057425,-0.6875533318041769,0.5256516371400137,-0.2966900937434527
7.84,0.4994776034177668,-0.889169387370858,-2.6188175175108688,-0.642713834622005,0.5469099629484684,-0.31379945728923164
7.86,0.4829433047056476,-0.8799758800016924,-2.623689324215995,-0.5978743374398312,0.568168288756924,-0.3309088208350114
7.88,0.466678551810501,-0.8706545814404401,-2.6286639812576467,-0.553005009043973,0.5893675222394607,-0.3479793841142994
7.9,0.455573330687163,-0.8588871580491388,-2.635607355844262,-0.5075646642007562,0.6094356354676754,-0.36430724913930385
7.92,0.44446810956382543,-0.8471197346578382,-2.6425507304308766,-0.4621243193575414,0.6295037486958894,-0.3806351141643076
7.94,0.4333628884404874,-0.835352311266537,-2.649494105017492,-0.4166839745143246,0.6495718619241043,-0.39696297918931206
7.96,0.4222576673171499,-0.8235848878752362,-2.656437479604107,-0.3712436296711098,0.6696399751523183,-0.41329084421431583
7.98,0.4111524461938119,-0.811817464483935,-2.6633808541907222,-0.325803284827893,0.6897080883805332,-0.4296187092393203
8.0,0.4000472250704744,-0.8000500410926342,-2.6703242287773374,-0.28036293998467826,0.7097762016087472,-0.445946574264324
8.02,0.3944204344039874,-0.7858631430450495,-2.6792361419689508,-0.23332462547978405,0.726530610478539,-0.4574955290235171
8.040000000000001,0.38881704031525016,-0.7716659122155916,-2.6881564621426177,-0.18627948657112137,0.7432708676050045,-0.46902407462602363
8.06,0.38321364622651344,-0.7574686813861349,-2.6970767823162842,-0.13923434766246287,0.7600111247314687,-0.4805526202285292
8.08,0.3776102521377767,-0.7432714505566783,-2.7059971024899503,-0.09218920875380435,0.7767513818579328,-0.4920811658310347
8.1,0.37200685804904,-0.7290742197272216,-2.7149174226636164,-0.04514406984514585,0.7934916389843969,-0.5036097114335402
8.120000000000001,0.36640346396030277,-0.7148769888977637,-2.7238377428372833,0.001901069063516836,0.8102318961108625,-0.5151382570360468
8.14,0.36608581534757445,-0.6987989104307812,-2.734053350030544,0.05057705486710428,0.8221730073671668,-0.5201695049439007
8.16,0.3661939844353515,-0.68256931157379,-2.7443733050670143,0.09938442109334487,0.8337275012072339,-0.524677332952633
8.18,0.3663021535231286,-0.6663397127167986,-2.7546932601034846,0.14819178731958546,0.8452819950473012,-0.5291851609613651
8.2,0.36641032261090567,-0.6501101138598073,-2.765013215139955,0.19699915354582606,0.8568364888873683,-0.5336929889700974
8.22,0.3665184916986828,-0.6338805150028146,-2.7753331701764266,0.245806519772071,0.8683909827274364,-0.53820081697883
8.24,0.36662666078645983,-0.6176509161458232,-2.785653125212897,0.29461388599831156,0.8799454765675037,-0.5427086449875623
8.26,0.3718020001958215,-0.6002217322098927,-2.7964410819889975,0.34446130134190517,0.8842284520144292,-0.5379787411096135
8.28,0.3778356774688686,-0.5825893482177928,-2.8073083144925564,0.3944848926339791,0.88727969077851,-0.531684039810284
8.3,0.3838693547419162,-0.5649569642256914,-2.8181755469961156,0.4445084839260576,0.8903309295425911,-0.5253893385109539
8.32,0.38990303201496324,-0.5473245802335915,-2.829042779499674,0.49453207521813153,0.8933821683066718,-0.5190946372116245
8.34,0.39593670928801034,-0.5296921962414917,-2.839910012003233,0.5445556665102055,0.8964334070707526,-0.512799935912295
8.36,0.40197038656105744,-0.5120598122493918,-2.850777244506791,0.5945792578022795,0.8994846458348333,-0.5065052346129655
8.38,0.4127705521392213,-0.49413669155667633,-2.861044687603943,0.6430412698239786,0.8918953427944444,-0.4880286613944644
8.4,0.4248773946448236,-0.47613386880359154,-2.8711477054621115,0.6910751931832545,0.8813890598767679,-0.46621257070505967
8.42,0.43698423715042584,-0.45813104605050675,-2.88125072332028,0.7391091165425304,0.8708827769590913,-0.4443964800156549
8.44,0.44909107965602807,-0.44012822329742196,-2.891353741178449,0.7871430399018063,0.8603764940414147,-0.4225803893262502
8.46,0.4611979221616314,-0.42212540054433556,-2.9014567590366185,0.8351769632610866,0.8498702111237373,-0.4007642986368435
8.48,0.4733047646672337,-0.4041225777912507,-2.911559776894787,0.8832108866203625,0.8393639282060606,-0.3789482079474388
8.5,0.4895785418795051,-0.3870311732998039,-2.9197702525848386,0.9239633723566502,0.8160981696489471,-0.34893566445622365
8.52,0.5075169919485366,-0.3703038765633636,-2.9272246656534877,0.9618069544449442,0.7877350543395265,-0.31564867260875007
8.540000000000001,0.5254554420175698,-0.3535765798269218,-2.9346790787221373,0.9996505365332418,0.7593719390301035,-0.2823616807612736
8.56,0.5433938920866013,-0.3368492830904815,-2.942133491790786,1.0374941186215358,0.7310088237206829,-0.24907468891380008
8.58,0.5613323421556329,-0.3201219863540412,-2.9495879048594347,1.07533770070983,0.7026457084112623,-0.21578769706632656
8.6,0.5792707922246644,-0.3033946896176009,-2.957042317928084,1.113181282798124,0.6742825931018417,-0.182500705218853
8.620000000000001,0.6001691724888808,-0.28888580976458056,-2.9618931938356297,1.1366282901050573,0.6386161644668336,-0.1350232252289504
8.64,0.6227020613232551,-0.27560196603371073,-2.9653063656346528,1.1521253380178846,0.5989167595675038,-0.07970958933196583
8.66,0.6452349501576294,-0.26231812230284096,-2.968719537433676,1.167622385930712,0.5592173546681741,-0.024395953434981243
8.68,0.6677678389920038,-0.24903427857197113,-2.972132709232699,1.1831194338435396,0.5195179497688445,0.030917682462003326
8.700000000000001,0.6903007278263802,-0.23575043484110014,-2.9755458810317226,1.1986164817563685,0.47981854486951125,0.08623131835899281
8.72,0.7128336166607545,-0.22246659111023037,-2.9789590528307457,1.2141135296691958,0.4401191399701816,0.14154495425597743
8.74,0.7364463378531201,-0.2119489969414987,-2.9785179774069626,1.2221808129452576,0.39927238918907615,0.19907325908042356
8.76,0.7608606616296981,-0.2034849000412795,-2.9752157407009387,1.224732685899665,0.357573917845042,0.25824560089106496
8.78,0.7852749854062762,-0.19502080314106027,-2.9719135039949154,1.2272845588540726,0.3158754465010079,0.31741794270170637
8.8,0.8096893091828563,-0.18655670624084028,-2.9686112672888916,1.2298364318084802,0.27417697515697015,0.376590284512353
8.82,0.8341036329594343,-0.17809260934062104,-2.9653090305828678,1.2323883047628879,0.23247850381293603,0.43576262632299445
8.84,0.8585179567360124,-0.16962851244040184,-2.9620067938768444,1.2349401777172955,0.19078003246890193,0.4949349681336358
8.86,0.8830883145214118,-0.16371406427339807,-2.9550864704286437,1.2328106063365287,0.1480926475180355,0.5484120640246155
8.88,0.9078124510424253,-0.1603124129088993,-2.9446003550819393,1.2260672549462708,0.10443064244917415,0.596276231534536
8.9,0.9325365875634366,-0.15691076154440084,-2.9341142397352353,1.2193239035560135,0.060768637380316654,0.6441403990444522
8.92,0.9572607240844478,-0.15350911017990235,-2.9236281243885314,1.2125805521657562,0.017106632311459175,0.6920045665543685
8.94,0.9819848606054591,-0.15010745881540388,-2.9131420090418274,1.2058372007754992,-0.026555372757398332,0.7398687340642847
8.96,1.0067089971264727,-0.1467058074509051,-2.9026558936951226,1.1990938493852412,-0.0702173778262597,0.7877329015742052
8.98,1.0310783664762584,-0.14560121064160877,-2.889651648367072,1.1888365241128014,-0.1138717177042415,0.83161559546297
9.0,1.054983819529002,-0.14750038963172424,-2.873354534839346,1.173984101312895,-0.15751603408722264,0.8702918591944159
9.02,1.0788892725817458,-0.14939956862183973,-2.8570574213116204,1.1591316785129886,-0.20116035047020378,0.9089681229258618
9.040000000000001,1.1027947256344917,-0.15129874761195536,-2.8407603077838934,1.1442792557130808,-0.2448046668531888,0.9476443866573111
9.06,1.1267001786872353,-0.15319792660207082,-2.8244631942561678,1.1294268329131745,-0.28844898323616996,0.9863206503887569
9.08,1.150605631739979,-0.1550971055921863,-2.808166080728442,1.114574410113268,-0.33209329961915107,1.0249969141202029
9.1,1.1738564651298307,-0.15891990526444102,-2.7901643131475096,1.0976743008577248,-0.37505177378081206,1.0634139068282082
9.120000000000001,1.1959587446111117,-0.1661177670961816,-2.769171668288425,1.0771814515494866,-0.4168069129242752,1.1013759991349112
9.14,1.2180610240923908,-0.17331562892792154,-2.7481790234293424,1.0566886022412503,-0.4585620520677346,1.1393380914416107
9.16,1.24016330357367,-0.18051349075966147,-2.7271863785702597,1.0361957529330141,-0.500317191211194,1.1773001837483104
9.18,1.2622655830549492,-0.18771135259140143,-2.706193733711177,1.0157029036247778,-0.5420723303546534,1.21526227605501
9.200000000000001,1.2843678625362303,-0.194909214423142,-2.6852010888520925,0.9952100543165397,-0.5838274694981165,1.253224368361713
9.22,1.30574182690194,-0.20359105237423297,-2.6628592726196323,0.9743309299470427,-0.6252585359907697,1.2922705142810056
9.24,1.325356151066135,-0.2158582395538061,-2.6372578011410055,0.9525185486505551,-0.6659066292176211,1.3339357796947835
9.26,1.3449704752303298,-0.2281254267333792,-2.6116563296623787,0.9307061673540675,-0.7065547224444725,1.3756010451085616
9.28,1.3645847993945246,-0.24039261391295236,-2.586054858183752,0.9088937860575799,-0.747202815671324,1.4172663105223395
9.3,1.3841991235587212,-0.25265980109252656,-2.560453386705123,0.8870814047610903,-0.7878509088981789,1.4589315759361212
9.32,1.403813447722916,-0.2649269882720997,-2.5348519152264966,0.8652690234646027,-0.8284990021250304,1.5005968413498993
9.34,1.423427771887111,-0.2771941754516728,-2.5092504437478698,0.843456642168115,-0.8691470953518817,1.5422621067636773
9.36,1.4430420960513057,-0.28946136263124594,-2.483648972269243,0.8216442608716275,-0.9097951885787332,1.5839273721774552
9.38,1.4610537027524182,-0.3047152667570456,-2.4549860446581993,0.7994460375724183,-0.9497634350101773,1.6290416291604277
9.4,1.4772552097070832,-0.323342351566022,-2.422865526363411,0.7768120465678123,-0.9889638664396982,1.6780511570870797
9.42,1.4934567166617483,-0.3419694363749983,-2.3907450080686226,0.7541780555632064,-1.0281642978692191,1.7270606850137318
9.44,1.5096582236164133,-0.36059652118397467,-2.358624489773834,0.7315440645586004,-1.06736472929874,1.7760702129403838
9.46,1.52585973057108,-0.37922360599295274,-2.326503971479043,0.7089100735539924,-1.1065651607282645,1.82507974086704
9.48,1.542061237525745,-0.3978506908019291,-2.294383453184255,0.6862760825493864,-1.1457655921577854,1.874089268793692
9.5,1.55826274448041,-0.4164777756109055,-2.2622629348894665,0.6636420915447805,-1.184966023587306,1.9230987967203441
9.52,1.574464251435075,-0.43510486041988183,-2.230142416594678,0.6410081005401745,-1.2241664550168272,1.9721083246469961
9.540000000000001,1.5883762713748806,-0.4576971707481492,-2.193064457176504,0.6177471287820196,-1.2627627408439421,2.0236505800854956
9.56,1.6010364101051922,-0.4824576485684244,-2.1532757912335745,0.5941433267658289,-1.301028682571024,2.076577719543974
9.58,1.6136965488355037,-0.5072181263886997,-2.1134871252906455,0.5705395247496383,-1.3392946242981059,2.129504859002453
9.6,1.6263566875658153,-0.5319786042089749,-2.0736984593477166,0.5469357227334477,-1.3775605660251877,2.182431998460932
9.620000000000001,1.6390168262961282,-0.5567390820292523,-2.033909793404784,0.5233319207172549,-1.4158265077522731,2.2353591379194153
9.64,1.6516769650264398,-0.5814995598495276,-1.994121127461855,0.49972811870106426,-1.454092449479355,2.2882862773778943
9.66,1.6643371037567514,-0.6062600376698027,-1.9543324615189261,0.47612431668487354,-1.4923583912064369,2.341213416836373
9.68,1.676997242487063,-0.631020515490078,-1.914543795575997,0.4525205146686829,-1.5306243329335187,2.3941405562948517
9.700000000000001,1.6866165558115473,-0.6607107096205423,-1.8679366437716454,0.4226403242213931,-1.566631330237097,2.4343551559423595
9.72,1.695583587373218,-0.6914583679641139,-1.8198668713351234,0.39141379744644617,-1.6021537656030358,2.4718428124836125
9.74,1.7045506189348882,-0.7222060263076854,-1.7717970988986012,0.36018727067149925,-1.6376762009689745,2.509330469024865
9.76,1.7135176504965588,-0.7529536846512569,-1.7237273264620792,0.3289607438965524,-1.6731986363349132,2.5468181255661175
9.78,1.7224846820582291,-0.7837013429948284,-1.6756575540255572,0.2977342171216054,-1.7087210717008519,2.58430578210737
9.8,1.7314517136199004,-0.8144490013384027,-1.627587781589031,0.2665076903466558,-1.7442435070667939,2.621793438648626
9.82,1.740418745181571,-0.8451966596819742,-1.579518009152509,0.23528116357170886,-1.7797659424327326,2.659281095189879
9.84,1.7493845097274878,-0.8759457593477118,-1.5314467156550076,0.20405300764585532,-1.815271562098137,2.6967508534273352
9.86,1.7534657644212954,-0.912251342664877,-1.477511535051907,0.1665442639438039,-1.7859504779905924,2.665220332082877
9.88,1.7575470191151035,-0.9485569259820453,-1.4235763544488016,0.12903552024174916,-1.7566293938830453,2.6336898107384155
9.9,1.761628273808911,-0.9848625092992105,-1.369641173845701,0.09152677653969774,-1.7273083097755006,2.602159289393957
9.92,1.7657095285027187,-1.0211680926163758,-1.3157059932426005,0.05401803283764631,-1.6979872256679562,2.570628768049499
9.94,1.7697907831965265,-1.0574736759335408,-1.2617708126395,0.016509289135594907,-1.6686661415604116,2.53909824670504
9.96,1.7738720378903345,-1.0937792592507092,-1.2078356320363948,-0.020999454566459852,-1.6393450574528645,2.507567725360579
9.98,1.7779532925841421,-1.1300848425678742,-1.1539004514332942,-0.05850819826851128,-1.61002397334532,2.4760372040161203
10.0,1.7809949641005511,-1.165577769880791,-1.100839163057155,-0.09084998096913356,-1.579012092213104,2.4370023389903355
10.02,1.7792075112803003,-1.1972957064351326,-1.0518373230374205,-0.09918993518594958,-1.5401460352557035,2.363107917278732
10.040000000000001,1.7774200584600495,-1.2290136429894774,-1.0028354830176816,-0.10752988940276634,-1.5012799782982997,2.289213495567122
10.06,1.7756326056397986,-1.2607315795438192,-0.9538336429979468,-0.11586984361958236,-1.462413921340899,2.2153190738555186
10.08,1.7738451528195478,-1.292449516098161,-0.9048318029782123,-0.12420979783639838,-1.4235478643834987,2.141424652143915
10.1,1.772057699999297,-1.324167452652503,-0.8558299629584777,-0.1325497520532144,-1.3846818074260983,2.0675302304323115
10.120000000000001,1.770270247179046,-1.3558853892068474,-0.8068281229387387,-0.14088970627003117,-1.3458157504686943,1.9936358087207016
10.14,1.7684827943587953,-1.3876033257611893,-0.7578262829190041,-0.14922966048684716,-1.3069496935112939,1.9197413870090982
10.16,1.766233383664639,-1.4171684350250733,-0.7129175241152961,-0.1542634808057366,-1.266030336007394,1.8561665354558974
10.18,1.7631410417132585,-1.4428052955956505,-0.6754773815864367,-0.15326462204164046,-1.2213643355542418,1.8114217304047577
10.200000000000001,1.760048699761878,-1.4684421561662302,-0.638037239057574,-0.15226576327754424,-1.1766983351010858,1.766676925353614
10.22,1.7569563578104976,-1.4940790167368077,-0.6005970965287147,-0.1512669045134481,-1.1320323346479335,1.7219321203024742
10.24,1.7538640158591172,-1.519715877307385,-0.5631569539998553,-0.15026804574935196,-1.0873663341947815,1.6771873152513346
10.26,1.750771673907737,-1.5453527378779626,-0.525716811470996,-0.14926918698525582,-1.0427003337416294,1.6324425102001947
10.28,1.7476793319563566,-1.57098959844854,-0.48827666894213667,-0.1482703282211597,-0.9980343332884771,1.587697705149055
10.3,1.744586990004976,-1.5966264590191197,-0.450836526413274,-0.1472714694570635,-0.9533683328353211,1.5429529000979114
10.32,1.741577619372724,-1.6185530883628252,-0.417113161103256,-0.14285360778309744,-0.9111330897927171,1.4890681417250344
10.34,1.7386415612462804,-1.637201399954941,-0.3866738975082422,-0.13541475435773223,-0.8710456361145854,1.4271074254424894
10.36,1.735705503119837,-1.6558497115470567,-0.3562346339132284,-0.12797590093236702,-0.8309581824364538,1.3651467091599443
10.38,1.7327694449933932,-1.6744980231391742,-0.32579537031821193,-0.12053704750700113,-0.7908707287583185,1.3031859928773937
10.4,1.7298333868669498,-1.6931463347312898,-0.2953561067231981,-0.1130981940816359,-0.7507832750801869,1.2412252765948488
10.42,1.7268973287405063,-1.7117946463234057,-0.26491684312818436,-0.1056593406562707,-0.7106958214020552,1.1792645603123038
10.44,1.7239612706140628,-1.7304429579155214,-0.23447757953317058,-0.09822048723090548,-0.6706083677239236,1.1173038440297587
10.46,1.721025212487619,-1.7490912695076388,-0.20403831593815408,-0.09078163380553961,-0.6305209140457884,1.055343127747208
10.48,1.7189129426443208,-1.7633002444502963,-0.18046066248252032,-0.08423615386668899,-0.590946613052525,0.9899512809886092
10.5,1.717140785269665,-1.775676377414167,-0.15971592035994753,-0.07805951561706209,-0.5515841742937847,0.9231428442149293
10.52,1.7153686278950089,-1.7880525103780378,-0.13897117823737476,-0.07188287736743519,-0.5122217355350444,0.8563344074412494
10.540000000000001,1.7135964705203528,-1.8004286433419097,-0.11822643611480013,-0.06570623911780774,-0.47285929677630045,0.7895259706675636
10.56,1.7118243131456967,-1.8128047763057806,-0.09748169399222735,-0.059529600868180835,-0.4334968580175601,0.7227175338938837
10.58,1.7100521557710409,-1.8251809092696514,-0.07673695186965457,-0.05335296261855394,-0.3941344192588197,0.6559090971202038
10.6,1.7082799983963848,-1.8375570422335221,-0.05599220974708177,-0.04717632436892703,-0.3547719805000793,0.589100660346524
10.620000000000001,1.7065078410217287,-1.849933175197394,-0.03524746762450717,-0.040999686119299585,-0.3154095417413354,0.5222922235728382
10.64,1.7055906321632845,-1.8568608979984556,-0.023750114062133565,-0.03573147723630032,-0.2757154819245039,0.4563956477412582
10.66,1.7047848863430954,-1.8630782898978409,-0.013458379323936218,-0.030581703902722496,-0.2359781873514463,0.39061795484724154
10.68,1.7039791405229066,-1.8692956817972264,-0.0031666445857388703,-0.025431930569144674,-0.1962408927783887,0.32484026195322496
10.700000000000001,1.7031733947027177,-1.8755130736966121,0.007125090152459393,-0.020282157235566395,-0.15650359820532755,0.2590625690592025
10.72,1.7023676488825286,-1.8817304655959977,0.01741682489065674,-0.015132383901988577,-0.11676630363226997,0.19328487616518591
10.74,1.7015619030623397,-1.887947857495383,0.027708559628854088,-0.009982610568410755,-0.07702900905921237,0.12750718327116928
10.76,1.7007561572421508,-1.8941652493947685,0.03800029436705143,-0.00483283723483293,-0.03729171448615476,0.061729490377152696
